Name of student,roll no,mark obtained,percentage
ram,12,266,88.66666666666666
sita,11,254,84.66666666666666
